序號,縣市,監測日期,測站,"二氧化硫","一氧化碳","臭氧","懸浮微粒","細懸浮微粒","氮氧化物","一氧化氮","二氧化氮","總碳氫化合物","非甲烷碳氫化合物","甲烷","風速","小時風速值","溫度","相對濕度"
1,新竹市,2017/12/31,新竹,2.4,0.54,32.8,73.0,38,11,0.61,10.83,1.99,0.109,1.876,4.36,3.43,15.99,76.24
2,新竹市,2017/12/30,新竹,2.6,0.31,37.0,29.0,12,12,0.81,11.58,1.9,0.1,1.801,2.84,2.27,19.46,75.9
3,新竹市,2017/12/29,新竹,2.4,0.27,28.1,33.0,11,14,0.73,13.06,1.91,0.111,1.796,2.71,2.14,18.9,83.85
4,新竹市,2017/12/28,新竹,2.5,0.48,24.9,46.0,20,28,3.8,24.36,2.05,0.188,1.861,1.22,0.9,20.55,66.88
5,新竹市,2017/12/27,新竹,1.8,0.27,36.5,29.0,9,12,1.04,10.99,1.84,0.086,1.751,2.48,2.08,19.83,62.54
6,新竹市,2017/12/26,新竹,2.8,0.41,30.2,44.0,17,15,1.0,14.47,1.91,0.116,1.794,2.91,2.31,18.75,66.44
7,新竹市,2017/12/25,新竹,3.8,0.56,41.0,96.0,42,15,1.15,13.42,1.99,0.121,1.863,4.02,3.28,17.18,58.07
8,新竹市,2017/12/24,新竹,3.1,0.45,37.6,80.0,42,16,0.68,15.36,1.99,0.12,1.865,2.18,1.59,19.08,74.82
9,新竹市,2017/12/23,新竹,3.5,0.68,35.1,76.0,41,30,4.41,25.69,2.18,0.241,1.933,1.15,0.85,18.4,73.03
10,新竹市,2017/12/22,新竹,2.9,0.58,20.2,41.0,21,36,11.74,24.05,2.12,0.235,1.887,1.16,0.85,17.9,65.63
11,新竹市,2017/12/21,新竹,2.5,0.34,35.3,37.0,15,14,1.37,13.04,1.92,0.11,1.811,4.09,3.35,16.14,58.31
12,新竹市,2017/12/20,新竹,1.9,0.31,32.4,35.0,12,13,1.28,11.48,1.88,0.09,1.788,5.22,4.27,15.96,66.44
13,新竹市,2017/12/19,新竹,2.4,0.36,29.3,26.0,15,14,1.43,12.5,1.91,0.111,1.795,5.03,4.17,14.34,83.8
14,新竹市,2017/12/18,新竹,2.3,0.26,28.8,18.0,9,12,1.27,10.94,1.88,0.099,1.783,4.3,3.43,15.24,78.55
15,新竹市,2017/12/17,新竹,2.0,0.32,32.4,32.0,17,8,0.73,7.4,1.86,0.066,1.793,5.24,4.18,13.7,75.23
16,新竹市,2017/12/16,新竹,1.7,0.32,33.1,22.0,10,9,0.73,8.42,1.9,0.078,1.824,4.44,3.48,16.36,86.92
17,新竹市,2017/12/15,新竹,2.9,0.48,27.5,34.0,16,26,4.07,21.71,2.07,0.181,1.889,1.35,1.0,21.08,75.9
18,新竹市,2017/12/14,新竹,2.5,0.35,29.5,17.0,8,14,1.58,12.66,1.92,0.114,1.803,2.83,2.28,20.21,69.73
19,新竹市,2017/12/13,新竹,3.2,0.27,30.8,12.0,6,10,1.09,9.09,1.85,0.074,1.779,4.09,3.35,18.93,75.15
20,新竹市,2017/12/12,新竹,2.2,0.29,28.7,19.0,9,15,1.14,13.62,1.9,0.108,1.788,3.07,2.47,17.65,77.53
21,新竹市,2017/12/11,新竹,3.0,0.4,41.7,60.0,25,13,1.17,11.41,1.93,0.1,1.832,4.39,3.61,18.09,63.35
22,新竹市,2017/12/10,新竹,2.3,0.42,24.7,38.0,19,20,5.38,14.32,2.06,0.165,1.894,1.91,1.48,16.79,80.57
23,新竹市,2017/12/09,新竹,2.4,0.55,16.4,32.0,17,35,12.82,22.24,2.11,0.211,1.9,2.09,1.64,14.6,84.44
24,新竹市,2017/12/08,新竹,1.9,0.4,37.7,57.0,29,15,0.5,14.24,1.94,0.112,1.826,4.18,3.44,14.72,71.79
25,新竹市,2017/12/07,新竹,2.3,0.3,25.2,19.0,9,17,0.84,16.46,1.93,0.125,1.807,2.64,2.07,17.17,86.58
26,新竹市,2017/12/06,新竹,3.5,0.39,25.5,34.0,16,19,1.92,17.37,1.96,0.15,1.806,3.2,2.6,16.92,70.63
27,新竹市,2017/12/05,新竹,2.3,0.3,40.6,55.0,26,-,-,-,1.89,0.096,1.798,4.4,3.55,17.11,64.21
28,新竹市,2017/12/04,新竹,2.5,0.34,39.4,49.0,23,11,0.34,10.54,1.95,0.095,1.853,4.11,3.43,19.43,70.58
29,新竹市,2017/12/03,新竹,1.1,0.27,32.5,17.0,8,9,0.57,8.59,1.92,0.082,1.842,3.61,3.0,20.41,81.14
30,新竹市,2017/12/02,新竹,2.6,0.28,29.5,15.0,8,12,0.94,11.24,1.94,0.095,1.843,4.31,3.5,20.44,79.25
31,新竹市,2017/12/01,新竹,2.0,0.25,32.6,20.0,10,11,1.32,9.23,1.95,0.095,1.859,5.32,4.46,19.49,80.41
32,新竹市,2017/11/30,新竹,2.3,0.3,32.9,22.0,6,11,1.17,9.4,1.88,0.071,1.809,5.01,4.27,21.37,84.11
33,新竹市,2017/11/29,新竹,2.8,0.6,29.0,75.0,44,-,-,-,2.24,0.22,2.023,1.31,0.95,22.64,86.0
34,新竹市,2017/11/28,新竹,2.7,0.49,12.7,39.0,16,26,5.53,20.72,2.21,0.237,1.973,1.06,0.8,23.85,78.86
35,新竹市,2017/11/27,新竹,1.4,0.33,29.7,23.0,9,14,0.97,13.37,1.92,0.106,1.814,3.2,2.65,22.43,75.79
36,新竹市,2017/11/26,新竹,1.6,0.36,29.2,25.0,10,12,0.61,11.74,1.97,0.09,1.88,2.45,1.88,20.35,86.31
37,新竹市,2017/11/25,新竹,1.5,0.32,26.4,19.0,10,17,0.74,16.21,1.98,0.104,1.879,2.45,1.98,18.61,87.52
38,新竹市,2017/11/23,新竹,2.1,0.45,31.6,50.0,24,13,0.2,13.16,2.0,0.126,1.876,4.21,3.57,17.12,76.5
39,新竹市,2017/11/22,新竹,2.2,0.35,25.2,20.0,7,11,0.67,10.83,1.88,0.107,1.772,2.65,1.83,19.55,87.87
40,新竹市,2017/11/21,新竹,2.9,0.34,27.4,20.0,8,16,1.74,14.2,1.78,0.124,1.659,2.09,1.73,21.82,81.9
41,新竹市,2017/11/20,新竹,2.2,0.19,28.3,13.0,8,12,0.69,11.39,1.76,0.091,1.669,3.47,2.81,19.1,86.99
42,新竹市,2017/11/19,新竹,0.8,0.19,31.0,12.0,6,9,0.94,8.25,1.71,0.057,1.658,4.13,3.34,18.37,78.69
43,新竹市,2017/11/18,新竹,1.4,0.36,29.0,27.0,16,13,0.98,12.48,1.85,0.102,1.752,3.75,2.76,21.11,81.7
44,新竹市,2017/11/17,新竹,2.6,0.62,30.7,60.0,36,21,2.85,18.16,1.93,0.18,1.752,1.33,0.96,24.21,82.91
45,新竹市,2017/11/16,新竹,2.2,0.44,26.9,33.0,17,23,3.22,19.73,1.98,0.189,1.791,1.25,0.81,25.27,77.1
46,新竹市,2017/11/15,新竹,2.5,0.35,32.7,27.0,12,17,1.57,15.11,1.82,0.143,1.679,2.84,2.32,24.09,73.08
47,新竹市,2017/11/14,新竹,2.4,0.32,19.9,18.0,12,20,1.79,18.22,1.96,0.173,1.788,2.44,1.98,23.04,84.72
48,新竹市,2017/11/13,新竹,2.7,0.32,20.0,17.0,12,20,1.46,18.82,2.05,0.179,1.87,2.3,1.8,22.67,87.04
49,新竹市,2017/11/12,新竹,1.8,0.3,29.2,17.0,12,14,1.32,12.38,1.93,0.093,1.832,3.13,2.7,22.45,78.11
50,新竹市,2017/11/11,新竹,1.7,0.33,40.3,42.0,23,12,0.9,11.48,1.96,0.102,1.86,3.95,3.25,22.56,79.38
51,新竹市,2017/11/10,新竹,2.0,0.33,28.6,33.0,18,18,2.94,15.05,2.04,0.165,1.873,1.67,1.21,25.28,77.85
52,新竹市,2017/11/09,新竹,1.5,0.35,41.2,34.0,17,13,1.11,11.76,1.94,0.114,1.825,3.34,2.8,24.81,73.81
53,新竹市,2017/11/08,新竹,1.5,0.3,36.5,28.0,14,12,1.26,10.28,1.95,0.137,1.81,4.17,3.5,23.4,80.38
54,新竹市,2017/11/07,新竹,2.7,0.46,30.7,44.0,24,21,4.71,16.03,2.09,0.195,1.899,1.64,1.24,25.09,79.82
55,新竹市,2017/11/06,新竹,2.1,0.59,29.1,42.0,21,26,3.4,22.26,2.27,0.263,2.007,0.98,0.77,24.39,74.77
56,新竹市,2017/11/05,新竹,1.6,0.23,42.3,20.0,10,7,1.03,5.8,1.86,0.058,1.8,4.26,3.47,21.93,70.5
57,新竹市,2017/11/04,新竹,1.9,0.3,49.7,41.0,18,10,1.33,8.81,1.88,0.059,1.819,6.31,5.1,20.65,72.41
58,新竹市,2017/11/03,新竹,2.2,0.24,40.9,26.0,14,15,1.53,13.77,1.93,0.11,1.82,3.65,3.0,22.62,82.49
59,新竹市,2017/11/02,新竹,2.6,0.29,24.1,27.0,13,17,3.64,13.56,2.01,0.17,1.842,1.98,1.48,23.48,83.35
60,新竹市,2017/11/01,新竹,2.9,0.28,27.3,28.0,13,18,2.06,15.72,2.04,0.177,1.861,2.16,1.75,22.98,77.01
61,新竹市,2017/10/31,新竹,2.0,0.23,34.8,26.0,9,12,1.18,11.25,1.93,0.103,1.826,4.06,3.3,22.12,63.94
62,新竹市,2017/10/30,新竹,2.3,0.26,41.9,56.0,20,11,1.19,9.99,1.93,0.094,1.837,5.4,4.39,20.8,63.42
63,新竹市,2017/10/29,新竹,1.8,0.36,58.5,55.0,26,10,0.76,9.51,1.95,0.097,1.856,4.38,3.5,22.45,63.38
64,新竹市,2017/10/28,新竹,2.2,0.3,55.7,56.0,26,13,0.99,11.63,1.94,0.103,1.84,2.92,2.38,22.13,70.47
65,新竹市,2017/10/27,新竹,2.5,0.27,50.5,40.0,19,13,1.2,12.21,1.97,0.114,1.852,3.43,2.79,23.14,68.53
66,新竹市,2017/10/26,新竹,2.5,0.23,49.8,37.0,14,11,0.83,9.87,1.93,0.104,1.822,3.67,3.05,23.58,61.12
67,新竹市,2017/10/25,新竹,2.9,0.24,50.8,40.0,17,12,0.95,11.41,1.92,0.103,1.819,3.99,3.31,23.52,62.48
68,新竹市,2017/10/24,新竹,1.7,0.3,49.3,51.0,22,14,1.35,12.7,1.96,0.114,1.844,4.05,3.35,23.07,67.1
69,新竹市,2017/10/23,新竹,1.6,0.44,54.0,70.0,36,15,0.78,14.48,2.04,0.128,1.91,3.65,2.97,22.25,63.2
70,新竹市,2017/10/22,新竹,1.5,0.4,58.1,46.0,24,10,0.53,9.85,1.98,0.098,1.88,3.0,2.49,21.76,57.94
71,新竹市,2017/10/21,新竹,1.6,0.24,49.1,40.0,18,12,0.79,11.05,1.91,0.088,1.823,3.56,2.84,22.18,71.31
72,新竹市,2017/10/20,新竹,2.3,0.26,38.1,21.0,11,12,1.43,10.26,1.9,0.091,1.807,4.03,3.3,23.07,83.97
73,新竹市,2017/10/19,新竹,1.5,0.25,37.0,26.0,13,9,1.33,8.14,1.88,0.088,1.787,4.28,3.3,24.37,82.12
74,新竹市,2017/10/18,新竹,1.7,0.27,35.1,25.0,11,11,1.03,10.01,1.9,0.093,1.804,4.22,3.41,24.79,84.33
75,新竹市,2017/10/17,新竹,2.6,0.18,32.8,22.0,6,9,0.97,8.49,1.86,0.079,1.783,4.76,3.99,26.02,81.77
76,新竹市,2017/10/16,新竹,2.4,0.35,23.2,29.0,9,18,7.98,10.2,2.05,0.175,1.87,1.79,1.33,27.08,82.47
77,新竹市,2017/10/15,新竹,2.4,0.5,3.4,19.0,10,32,15.78,16.41,2.15,0.225,1.927,0.93,0.7,26.07,88.95
78,新竹市,2017/10/14,新竹,1.7,0.27,15.0,7.0,3,15,3.24,11.43,1.85,0.093,1.758,3.31,2.83,26.78,83.35
79,新竹市,2017/10/13,新竹,1.4,0.23,33.2,19.0,8,9,1.08,8.06,1.85,0.063,1.788,5.07,4.15,24.92,84.53
80,新竹市,2017/10/12,新竹,2.5,0.17,20.0,17.0,8,12,2.2,10.04,1.84,0.085,1.757,5.36,4.23,27.45,73.27
81,新竹市,2017/10/11,新竹,1.5,0.18,21.3,22.0,8,7,1.42,5.8,1.83,0.07,1.762,3.85,3.1,30.52,60.39
82,新竹市,2017/10/10,新竹,2.8,0.31,32.9,27.0,18,13,1.37,11.79,1.98,0.117,1.861,1.53,1.19,30.52,61.24
83,新竹市,2017/10/09,新竹,3.5,0.32,32.1,32.0,14,14,2.49,11.38,1.9,0.099,1.805,2.02,1.43,31.23,59.28
84,新竹市,2017/10/08,新竹,1.9,0.22,27.9,29.0,9,7,1.27,5.33,1.82,0.043,1.778,5.5,4.5,29.92,66.35
85,新竹市,2017/10/07,新竹,2.3,0.25,33.6,33.0,11,10,1.71,7.91,1.86,0.054,1.802,5.05,3.86,29.13,67.74
86,新竹市,2017/10/06,新竹,1.9,0.35,23.7,27.0,12,15,2.12,13.15,1.95,0.126,1.827,2.75,2.2,29.62,68.61
87,新竹市,2017/10/05,新竹,2.3,0.32,37.0,33.0,12,11,0.91,10.52,1.92,0.101,1.816,2.87,2.35,29.22,65.4
88,新竹市,2017/10/04,新竹,2.8,0.22,40.3,33.0,14,9,0.96,8.18,1.89,0.067,1.823,4.16,3.35,27.75,72.1
89,新竹市,2017/10/03,新竹,3.0,0.35,33.6,44.0,23,14,1.07,12.99,2.0,0.156,1.847,2.6,1.96,29.69,70.42
90,新竹市,2017/10/02,新竹,3.1,0.46,41.7,54.0,32,14,1.36,12.65,2.05,0.139,1.906,1.34,0.95,30.2,71.44
91,新竹市,2017/10/01,新竹,3.3,0.39,48.8,44.0,26,14,0.49,13.19,2.08,0.173,1.911,1.35,0.83,30.01,69.49
92,新竹市,2017/09/30,新竹,2.7,0.37,48.0,30.0,17,18,1.19,16.9,1.99,0.152,1.838,1.49,1.06,29.99,64.41
93,新竹市,2017/09/29,新竹,3.7,0.33,36.1,40.0,18,15,1.4,13.61,1.99,0.137,1.849,2.53,2.03,29.28,72.28
94,新竹市,2017/09/28,新竹,3.5,0.3,32.2,37.0,21,15,1.73,13.43,1.94,0.148,1.794,1.65,1.27,30.05,69.48
95,新竹市,2017/09/27,新竹,3.2,0.42,25.7,29.0,16,19,3.66,15.43,1.96,0.149,1.812,1.86,1.46,30.44,66.98
96,新竹市,2017/09/26,新竹,2.8,0.36,13.0,23.0,13,18,4.99,13.19,1.94,0.129,1.81,1.7,1.36,30.22,69.15
97,新竹市,2017/09/25,新竹,2.8,0.24,21.5,21.0,11,12,1.98,9.54,1.88,0.103,1.774,1.57,1.29,29.85,70.99
98,新竹市,2017/09/24,新竹,2.8,0.31,25.4,35.0,20,13,0.93,11.58,1.9,0.096,1.8,1.56,1.16,30.09,75.97
99,新竹市,2017/09/23,新竹,3.3,0.38,32.9,39.0,23,16,1.17,14.9,1.97,0.141,1.827,1.42,1.04,30.31,73.6
100,新竹市,2017/09/22,新竹,3.5,0.37,31.5,42.0,24,17,1.98,15.18,1.98,0.147,1.834,1.55,0.99,30.1,71.24
101,新竹市,2017/09/21,新竹,3.6,0.45,39.9,52.0,34,19,1.48,17.13,2.07,0.159,1.91,1.43,0.98,29.91,67.69
102,新竹市,2017/09/20,新竹,3.8,0.53,39.8,53.0,34,21,1.66,19.11,2.14,0.194,1.942,1.37,0.85,29.46,66.57
103,新竹市,2017/09/19,新竹,3.3,0.47,44.2,55.0,32,19,1.6,17.69,2.1,0.157,1.944,1.38,0.95,28.81,66.71
104,新竹市,2017/09/18,新竹,2.5,0.34,57.1,44.0,24,15,0.8,14.05,2.02,0.13,1.894,2.26,1.76,28.58,54.26
105,新竹市,2017/09/17,新竹,4.6,0.33,54.5,42.0,24,15,1.16,13.53,2.01,0.117,1.889,2.07,1.63,28.6,60.86
106,新竹市,2017/09/16,新竹,3.5,0.35,39.5,36.0,19,16,1.36,14.15,1.99,0.136,1.856,1.54,1.02,29.46,64.37
107,新竹市,2017/09/15,新竹,3.7,0.43,33.5,36.0,18,21,3.06,17.44,2.11,0.199,1.914,1.58,1.23,29.04,66.85
108,新竹市,2017/09/14,新竹,1.8,0.36,37.4,34.0,13,16,1.78,14.29,1.98,0.14,1.837,1.48,1.09,27.79,68.85
109,新竹市,2017/09/13,新竹,1.5,0.25,39.7,35.0,14,10,0.99,9.1,1.92,0.094,1.822,3.25,2.59,27.87,74.58
110,新竹市,2017/09/12,新竹,2.5,0.26,24.2,28.0,14,15,3.46,11.94,1.97,0.159,1.813,2.72,2.03,30.63,65.23
111,新竹市,2017/09/11,新竹,3.0,0.31,14.4,25.0,14,16,3.87,12.53,1.99,0.142,1.844,1.44,1.02,29.97,67.42
112,新竹市,2017/09/10,新竹,1.9,0.31,17.7,28.0,14,14,2.02,11.93,1.97,0.137,1.833,1.38,1.04,29.66,73.54
113,新竹市,2017/09/09,新竹,2.1,0.35,16.5,16.0,9,16,3.36,12.58,1.94,0.125,1.815,1.16,0.81,28.86,78.77
114,新竹市,2017/09/08,新竹,-,0.26,-,23.0,10,-,-,-,1.92,0.103,1.821,1.76,1.39,29.62,76.08
115,新竹市,2017/09/07,新竹,3.2,0.3,31.0,26.0,13,12,1.95,10.54,1.92,0.096,1.823,1.93,1.48,30.0,76.68
116,新竹市,2017/09/06,新竹,2.5,0.45,36.9,38.0,20,13,2.32,10.65,1.96,0.116,1.843,1.85,1.5,29.94,76.57
117,新竹市,2017/09/05,新竹,2.0,0.34,22.7,31.0,13,14,1.89,12.37,1.95,0.115,1.837,1.35,0.88,29.02,78.25
118,新竹市,2017/09/04,新竹,2.0,0.27,33.0,24.0,12,13,1.12,11.46,1.91,0.098,1.81,1.23,0.88,29.21,75.05
119,新竹市,2017/09/03,新竹,2.2,0.24,34.0,14.0,8,12,1.18,10.55,1.88,0.098,1.786,1.63,1.14,28.27,76.44
120,新竹市,2017/09/02,新竹,1.3,0.28,35.1,10.0,4,9,1.28,8.01,1.82,0.059,1.76,2.63,2.15,28.53,73.2
121,新竹市,2017/09/01,新竹,2.0,0.28,40.9,28.0,9,10,0.81,8.7,1.83,0.07,1.76,4.63,3.69,29.69,68.3
122,新竹市,2017/08/31,新竹,1.9,0.3,26.8,24.0,7,11,1.31,9.89,1.8,0.074,1.726,3.7,2.92,30.97,63.48
123,新竹市,2017/08/30,新竹,1.9,0.18,17.7,14.0,7,10,2.27,8.17,1.8,0.081,1.714,3.32,2.73,31.5,58.75
124,新竹市,2017/08/29,新竹,2.0,0.18,17.7,23.0,7,11,1.64,9.34,1.83,0.102,1.732,3.1,2.39,31.45,58.72
125,新竹市,2017/08/28,新竹,3.0,0.27,21.7,21.0,6,13,1.48,12.0,1.89,0.132,1.758,1.94,1.39,30.43,66.4
126,新竹市,2017/08/27,新竹,1.6,0.29,24.8,30.0,10,13,1.11,11.57,1.92,0.129,1.794,1.54,1.19,29.64,74.13
127,新竹市,2017/08/26,新竹,3.3,0.35,40.9,36.0,12,14,2.14,11.93,1.93,0.13,1.798,1.47,1.04,30.08,73.8
128,新竹市,2017/08/25,新竹,2.0,0.3,26.4,24.0,6,12,1.57,10.58,1.88,0.132,1.746,1.43,1.06,29.21,77.92
129,新竹市,2017/08/24,新竹,2.8,0.33,21.8,27.0,6,17,3.21,13.68,1.96,0.152,1.807,1.34,0.86,29.1,78.56
130,新竹市,2017/08/23,新竹,2.4,0.36,21.9,24.0,8,17,1.92,15.5,1.94,0.141,1.798,1.35,0.88,29.03,78.56
131,新竹市,2017/08/21,新竹,1.6,0.2,18.1,30.0,9,13,2.16,10.6,1.9,0.114,1.785,3.73,2.91,31.45,64.07
132,新竹市,2017/08/20,新竹,2.6,0.2,26.6,20.0,10,10,1.38,8.45,1.8,0.067,1.731,1.48,1.1,30.36,67.85
133,新竹市,2017/08/19,新竹,3.8,0.25,29.0,26.0,17,14,1.4,12.6,1.89,0.134,1.759,1.37,0.96,30.48,66.23
134,新竹市,2017/08/18,新竹,2.0,0.26,27.7,24.0,15,14,1.57,12.16,1.88,0.12,1.762,1.43,0.95,30.63,67.67
135,新竹市,2017/08/17,新竹,2.6,0.23,21.0,20.0,10,12,1.6,10.53,1.84,0.086,1.755,1.53,1.08,30.51,69.55
136,新竹市,2017/08/16,新竹,2.7,0.31,15.7,20.0,10,14,3.37,10.79,1.88,0.12,1.755,1.9,1.58,30.51,69.43
137,新竹市,2017/08/15,新竹,3.6,0.31,12.0,17.0,9,17,5.08,11.7,1.86,0.119,1.738,2.2,1.78,30.53,67.32
138,新竹市,2017/08/14,新竹,3.1,0.34,12.4,18.0,7,14,3.2,10.43,1.81,0.09,1.722,2.58,2.07,30.49,67.99
139,新竹市,2017/08/13,新竹,2.7,0.28,14.8,23.0,10,12,2.26,9.37,1.83,0.072,1.758,2.39,1.98,30.27,74.7
140,新竹市,2017/08/12,新竹,2.8,0.35,14.5,28.0,12,14,2.45,11.62,1.85,0.097,1.756,2.53,2.07,30.81,72.08
141,新竹市,2017/08/11,新竹,2.3,0.28,20.1,28.0,10,12,1.96,10.09,1.83,0.087,1.739,3.01,2.55,31.01,69.58
142,新竹市,2017/08/10,新竹,2.0,0.22,20.3,22.0,8,10,1.35,9.01,1.82,0.085,1.732,3.73,3.15,31.15,66.08
143,新竹市,2017/08/09,新竹,1.6,0.27,17.2,23.0,8,9,2.19,6.94,1.78,0.07,1.71,4.15,3.48,31.47,64.23
144,新竹市,2017/08/08,新竹,2.3,0.27,16.4,22.0,9,9,1.26,8.12,1.8,0.077,1.727,3.66,3.05,31.62,64.6
145,新竹市,2017/08/07,新竹,3.1,0.27,19.7,21.0,10,11,1.53,9.13,1.84,0.078,1.763,3.12,2.62,31.3,69.7
146,新竹市,2017/08/06,新竹,2.3,0.29,18.4,25.0,10,11,2.21,8.85,1.84,0.075,1.763,3.22,2.68,31.08,69.7
147,新竹市,2017/08/05,新竹,-,0.32,-,-,10,-,-,-,1.87,0.091,1.782,2.66,2.3,30.79,70.74
148,新竹市,2017/08/04,新竹,1.9,0.34,21.4,23.0,10,12,2.0,10.03,1.92,0.107,1.81,1.77,1.42,30.24,72.85
149,新竹市,2017/08/03,新竹,2.3,0.35,25.9,27.0,14,14,2.02,12.03,2.03,0.15,1.875,1.45,1.11,29.96,74.92
150,新竹市,2017/08/02,新竹,2.6,0.37,29.7,23.0,14,17,2.33,14.85,2.04,0.152,1.89,1.64,1.18,29.63,76.32
151,新竹市,2017/08/01,新竹,2.2,0.52,16.7,19.0,10,20,4.51,15.13,2.05,0.196,1.855,1.57,1.22,29.92,69.1
152,新竹市,2017/07/31,新竹,1.4,0.46,14.8,13.0,6,20,4.07,15.99,1.97,0.153,1.821,1.6,1.04,27.48,78.69
153,新竹市,2017/07/30,新竹,1.8,0.29,24.2,16.0,2,6,1.29,5.04,1.77,0.053,1.713,2.24,1.56,29.35,70.21
154,新竹市,2017/07/29,新竹,0.7,0.15,20.7,25.0,2,7,0.88,5.86,1.73,0.049,1.679,4.68,3.55,30.29,64.61
155,新竹市,2017/07/28,新竹,2.5,0.26,26.7,33.0,14,13,2.08,10.9,1.86,0.122,1.733,2.83,1.93,31.28,61.99
156,新竹市,2017/07/27,新竹,2.8,0.31,31.4,29.0,17,12,1.34,11.09,1.85,0.106,1.739,1.43,0.9,29.79,67.65
157,新竹市,2017/07/26,新竹,3.3,0.33,21.2,20.0,12,16,2.6,13.72,1.89,0.121,1.766,1.48,0.96,30.36,65.62
158,新竹市,2017/07/25,新竹,2.6,0.32,18.2,16.0,8,13,2.53,10.18,1.86,0.101,1.756,1.83,1.44,30.8,62.9
159,新竹市,2017/07/24,新竹,3.2,0.3,27.1,26.0,15,11,1.39,10.02,1.82,0.083,1.741,1.76,1.44,30.73,66.42
160,新竹市,2017/07/23,新竹,3.2,0.33,32.3,31.0,17,11,0.92,9.94,1.84,0.102,1.742,1.95,1.51,31.18,65.1
161,新竹市,2017/07/22,新竹,2.6,0.32,38.8,27.0,17,13,0.66,12.14,1.88,0.128,1.748,1.47,1.07,30.62,63.95
162,新竹市,2017/07/21,新竹,2.6,0.28,20.7,21.0,12,14,1.68,12.85,1.89,0.138,1.754,1.37,0.91,30.65,61.38
163,新竹市,2017/07/20,新竹,2.9,0.23,23.3,23.0,13,13,2.11,10.99,1.84,0.111,1.727,1.58,1.07,30.73,61.58
164,新竹市,2017/07/19,新竹,1.9,0.24,25.0,25.0,13,13,1.81,11.0,1.87,0.139,1.734,1.5,1.0,30.41,64.17
165,新竹市,2017/07/17,新竹,2.3,0.28,23.9,27.0,13,13,1.55,11.18,1.86,0.119,1.737,1.42,0.92,30.17,66.53
166,新竹市,2017/07/16,新竹,2.9,0.24,24.9,23.0,12,10,0.87,9.0,1.79,0.069,1.722,1.69,1.2,30.34,65.35
167,新竹市,2017/07/15,新竹,1.6,0.26,21.3,19.0,7,12,1.88,9.66,1.82,0.098,1.722,1.5,0.93,30.4,66.62
168,新竹市,2017/07/14,新竹,2.1,0.29,20.4,18.0,10,13,1.93,10.64,1.82,0.088,1.728,1.51,1.14,30.28,65.55
169,新竹市,2017/07/13,新竹,2.0,0.22,19.1,17.0,8,11,1.79,8.87,1.8,0.08,1.719,1.63,1.41,30.9,61.61
170,新竹市,2017/07/12,新竹,3.1,0.28,16.2,20.0,8,13,2.1,10.72,1.88,0.148,1.731,1.59,1.3,30.68,64.01
171,新竹市,2017/07/11,新竹,1.4,0.3,18.1,20.0,9,16,2.57,13.3,1.88,0.131,1.747,1.7,1.32,30.28,65.63
172,新竹市,2017/07/10,新竹,2.7,0.24,20.3,19.0,6,11,2.69,8.51,1.82,0.087,1.728,1.98,1.74,30.6,67.46
173,新竹市,2017/07/09,新竹,-,0.3,-,-,-,-,-,-,1.81,0.098,1.713,1.73,1.39,29.61,68.45
174,新竹市,2017/07/08,新竹,2.2,0.32,19.6,24.0,6,17,4.39,12.62,1.9,0.149,1.748,1.56,1.23,28.83,67.81
175,新竹市,2017/07/07,新竹,2.4,0.38,19.7,21.0,5,19,4.17,15.08,1.89,0.142,1.748,1.34,1.0,28.41,67.9
176,新竹市,2017/07/06,新竹,2.8,0.34,17.4,24.0,6,16,2.57,13.6,1.93,0.175,1.753,1.58,1.03,29.38,68.61
177,新竹市,2017/07/05,新竹,2.0,0.33,18.2,21.0,5,19,4.55,14.41,2.0,0.236,1.761,1.35,0.93,29.25,65.75
178,新竹市,2017/07/04,新竹,1.7,0.25,20.1,20.0,6,-,-,-,1.89,0.147,1.739,1.62,1.16,29.28,66.18
179,新竹市,2017/07/01,新竹,2.4,0.27,26.5,20.0,6,14,1.49,12.29,1.88,0.15,1.733,1.84,1.34,28.98,67.92
180,新竹市,2017/06/30,新竹,2.5,0.32,29.5,29.0,14,15,1.42,13.44,1.86,0.131,1.728,1.59,1.07,29.58,65.3
181,新竹市,2017/06/29,新竹,2.4,0.23,21.3,25.0,9,12,1.71,10.66,1.82,0.104,1.716,1.6,1.05,29.9,62.71
182,新竹市,2017/06/28,新竹,2.5,0.17,21.7,25.0,9,12,2.1,10.33,1.78,0.091,1.692,1.61,1.15,30.34,64.49
183,新竹市,2017/06/27,新竹,2.6,0.26,17.0,24.0,7,11,2.55,8.54,1.78,0.079,1.698,2.34,1.95,30.11,68.5
184,新竹市,2017/06/26,新竹,2.7,0.23,18.0,24.0,5,11,2.02,8.51,1.77,0.073,1.695,3.69,3.1,30.67,63.41
185,新竹市,2017/06/25,新竹,2.1,0.25,19.1,20.0,5,9,1.23,7.46,1.76,0.068,1.693,3.6,3.13,30.43,62.56
186,新竹市,2017/06/24,新竹,2.6,0.35,13.6,19.0,6,14,4.05,10.08,1.86,0.11,1.75,2.93,2.33,29.98,65.06
187,新竹市,2017/06/23,新竹,3.1,0.34,11.3,19.0,7,17,4.85,12.6,1.87,0.119,1.749,2.16,1.78,29.83,68.19
188,新竹市,2017/06/22,新竹,3.2,0.34,15.5,19.0,7,15,2.74,12.32,1.85,0.114,1.731,2.47,2.06,30.01,66.46
189,新竹市,2017/06/21,新竹,2.4,0.28,16.0,18.0,5,11,2.96,8.03,1.8,0.104,1.693,3.15,2.78,29.31,62.94
190,新竹市,2017/06/20,新竹,2.4,0.27,18.9,23.0,6,11,2.1,8.82,1.81,0.094,1.715,3.45,3.16,29.71,60.85
191,新竹市,2017/06/19,新竹,2.5,0.34,15.0,21.0,7,16,5.47,10.33,1.93,0.152,1.773,2.33,2.0,26.36,76.54
192,新竹市,2017/06/18,新竹,1.3,0.33,17.6,9.0,4,13,2.53,10.13,1.9,0.106,1.791,1.69,1.34,24.54,84.8
193,新竹市,2017/06/17,新竹,1.6,0.3,37.0,8.0,3,15,1.68,13.01,1.89,0.092,1.798,1.58,1.39,23.94,89.09
194,新竹市,2017/06/16,新竹,1.7,0.33,19.5,12.0,6,16,3.09,12.87,1.92,0.122,1.794,2.0,1.69,24.67,87.26
195,新竹市,2017/06/15,新竹,1.6,0.42,26.3,12.0,7,26,2.24,23.35,2.07,0.208,1.858,1.38,1.01,23.01,89.19
196,新竹市,2017/06/14,新竹,1.1,0.28,26.0,9.0,2,11,1.53,9.55,1.84,0.084,1.754,2.52,2.19,25.97,79.97
197,新竹市,2017/06/13,新竹,2.5,0.29,18.0,24.0,6,15,4.15,10.8,1.87,0.129,1.741,2.29,1.98,29.55,68.68
198,新竹市,2017/06/12,新竹,1.2,0.35,15.6,23.0,7,16,3.49,12.16,1.94,0.154,1.789,1.77,1.36,28.7,74.72
199,新竹市,2017/06/11,新竹,1.2,0.31,26.6,25.0,7,11,2.34,8.78,1.87,0.086,1.787,1.82,1.33,28.99,75.87
200,新竹市,2017/06/10,新竹,0.7,0.36,31.6,31.0,13,13,2.78,10.07,1.92,0.127,1.797,2.13,1.73,29.2,73.15
201,新竹市,2017/06/09,新竹,1.6,0.39,24.7,34.0,17,16,3.18,12.62,1.96,0.135,1.826,1.56,1.18,29.08,71.12
202,新竹市,2017/06/08,新竹,1.3,0.34,28.1,26.0,13,14,2.86,10.67,1.95,0.162,1.785,1.52,0.88,29.07,71.07
203,新竹市,2017/06/07,新竹,1.4,0.31,19.0,20.0,10,12,2.91,9.52,1.89,0.103,1.785,1.77,1.48,29.36,71.46
204,新竹市,2017/06/06,新竹,2.3,0.47,32.0,47.0,25,18,5.07,13.36,2.09,0.18,1.913,1.65,1.41,28.45,78.74
205,新竹市,2017/06/05,新竹,1.3,0.42,24.9,29.0,15,16,2.12,14.01,2.02,0.152,1.864,1.27,0.92,26.62,82.37
206,新竹市,2017/06/04,新竹,1.1,0.38,29.3,17.0,6,12,1.14,11.31,1.95,0.108,1.842,1.43,1.11,25.62,87.35
207,新竹市,2017/06/03,新竹,2.3,0.47,19.2,15.0,5,20,2.3,17.71,2.05,0.167,1.885,1.26,0.85,25.11,86.39
208,新竹市,2017/06/02,新竹,1.0,0.31,26.8,16.0,5,13,1.68,11.14,1.87,0.065,1.805,2.95,2.47,26.24,83.52
209,新竹市,2017/06/01,新竹,1.2,0.29,17.0,19.0,3,11,2.68,7.94,1.85,0.09,1.758,3.69,3.29,29.12,67.04
210,新竹市,2017/05/31,新竹,1.9,0.34,25.0,27.0,12,13,1.54,11.61,1.9,0.093,1.806,2.48,2.26,27.29,77.83
211,新竹市,2017/05/30,新竹,2.4,0.34,27.2,41.0,13,14,1.31,12.66,1.96,0.103,1.854,1.43,1.17,27.4,74.68
212,新竹市,2017/05/29,新竹,1.6,0.29,34.3,17.0,4,11,1.14,10.23,1.95,0.109,1.835,1.66,1.26,27.96,66.48
213,新竹市,2017/05/28,新竹,2.2,0.33,43.1,19.0,6,13,1.28,11.49,1.98,0.114,1.867,1.91,1.51,25.39,69.33
214,新竹市,2017/05/27,新竹,1.4,0.31,35.4,22.0,7,16,2.25,13.74,1.93,0.118,1.809,1.99,1.65,23.33,70.99
215,新竹市,2017/05/26,新竹,2.4,0.33,40.2,50.0,13,18,1.94,16.18,1.98,0.131,1.845,2.76,2.23,23.89,62.91
216,新竹市,2017/05/25,新竹,2.0,0.37,33.4,27.0,11,17,1.65,15.1,1.98,0.131,1.849,2.67,2.22,23.14,77.1
217,新竹市,2017/05/24,新竹,1.5,0.32,22.2,19.0,7,15,2.0,12.87,1.95,0.106,1.843,2.6,2.3,26.93,76.99
218,新竹市,2017/05/23,新竹,2.0,0.33,26.4,41.0,16,12,1.28,11.13,1.94,0.106,1.829,1.88,1.63,27.32,74.55
219,新竹市,2017/05/22,新竹,2.2,0.43,28.0,24.0,12,20,3.54,16.38,2.03,0.174,1.855,1.26,0.85,27.01,70.75
220,新竹市,2017/05/21,新竹,2.2,0.31,28.6,46.0,11,14,1.95,11.68,1.95,0.103,1.844,2.53,2.03,25.93,72.05
221,新竹市,2017/05/20,新竹,2.2,0.35,35.7,26.0,12,16,1.53,14.24,1.98,0.119,1.863,1.26,0.93,24.64,76.85
222,新竹市,2017/05/19,新竹,2.1,0.41,26.0,28.0,11,20,2.82,17.38,1.99,0.165,1.828,1.33,0.98,25.47,69.42
223,新竹市,2017/05/18,新竹,2.2,0.3,46.0,32.0,12,15,1.52,13.41,1.97,0.134,1.833,2.12,1.69,26.45,61.49
224,新竹市,2017/05/17,新竹,3.2,0.27,52.6,29.0,12,14,1.52,12.18,1.93,0.11,1.818,3.25,2.56,24.03,68.96
225,新竹市,2017/05/16,新竹,1.8,0.3,39.3,14.0,6,19,1.21,17.33,1.97,0.13,1.843,2.12,1.68,21.08,85.99
226,新竹市,2017/05/15,新竹,2.4,0.36,37.8,36.0,16,15,2.41,12.23,2.0,0.133,1.868,1.57,0.91,26.48,72.14
227,新竹市,2017/05/14,新竹,2.5,0.41,29.4,33.0,13,16,1.84,14.4,2.05,0.157,1.889,1.47,0.88,26.71,70.78
228,新竹市,2017/05/13,新竹,1.9,0.38,31.0,30.0,7,15,1.82,13.19,1.95,0.112,1.842,1.59,1.17,25.77,80.31
229,新竹市,2017/05/12,新竹,2.3,0.37,27.3,40.0,12,14,2.57,11.79,1.98,0.138,1.837,1.86,1.59,27.67,73.13
230,新竹市,2017/05/11,新竹,2.3,0.41,33.1,46.0,19,16,1.74,14.31,1.97,0.122,1.845,1.29,0.93,27.73,70.33
231,新竹市,2017/05/10,新竹,2.4,0.43,37.1,37.0,14,17,1.82,15.22,2.0,0.169,1.827,1.44,0.99,27.47,66.43
232,新竹市,2017/05/09,新竹,1.1,0.38,27.3,34.0,9,13,0.99,11.73,1.92,0.124,1.798,1.9,1.5,26.09,75.24
233,新竹市,2017/05/08,新竹,1.9,0.44,36.8,97.0,24,12,1.14,11.14,1.98,0.119,1.861,1.53,1.26,25.94,71.74
234,新竹市,2017/05/06,新竹,2.3,0.45,33.4,44.0,22,18,2.38,15.13,2.05,0.159,1.888,2.17,1.62,25.65,73.17
235,新竹市,2017/05/05,新竹,1.8,0.44,11.7,42.0,21,20,4.51,15.07,2.09,0.18,1.913,1.34,0.95,26.86,72.4
236,新竹市,2017/05/04,新竹,2.7,0.51,19.4,50.0,23,17,2.49,14.9,2.05,0.154,1.891,1.3,0.95,25.73,76.65
237,新竹市,2017/05/03,新竹,3.0,0.5,21.8,51.0,25,25,3.91,20.81,2.17,0.232,1.939,1.47,0.89,26.19,71.94
238,新竹市,2017/05/02,新竹,2.2,0.49,36.5,46.0,24,18,1.72,15.86,2.11,0.186,1.921,1.27,0.88,25.32,66.66
239,新竹市,2017/05/01,新竹,2.1,0.57,48.6,58.0,30,23,1.8,20.69,2.26,0.253,2.002,1.13,0.69,24.65,57.56
240,新竹市,2017/04/30,新竹,3.1,0.57,46.4,48.0,23,23,1.98,21.34,2.32,0.295,2.023,1.1,0.64,23.06,57.17
241,新竹市,2017/04/29,新竹,2.4,0.48,47.9,40.0,17,21,2.43,18.21,2.39,0.474,1.917,1.72,1.27,21.47,53.02
242,新竹市,2017/04/28,新竹,-,-,-,-,-,-,-,-,-,-,-,-,-,-,-
243,新竹市,2017/04/27,新竹,1.3,0.27,47.6,25.0,10,15,1.27,13.3,1.93,0.123,1.808,3.58,2.98,17.89,80.84
244,新竹市,2017/04/26,新竹,3.7,0.56,31.1,55.0,23,23,6.45,16.31,2.81,0.788,2.019,1.87,1.54,23.93,80.02
245,新竹市,2017/04/25,新竹,7.3,0.7,22.8,58.0,22,33,10.44,22.08,3.18,1.092,2.089,1.01,0.59,22.56,82.15
246,新竹市,2017/04/24,新竹,2.1,0.58,23.5,44.0,21,29,4.45,24.89,2.23,0.281,1.944,1.23,0.93,21.26,76.86
247,新竹市,2017/04/23,新竹,1.5,0.33,58.2,52.0,17,10,1.42,8.71,1.91,0.089,1.825,2.98,2.38,20.32,57.91
248,新竹市,2017/04/22,新竹,2.2,0.39,48.8,40.0,18,16,0.91,15.22,1.98,0.138,1.844,3.05,2.53,17.99,79.19
249,新竹市,2017/04/21,新竹,3.0,0.33,28.8,33.0,10,14,2.5,11.45,1.97,0.155,1.813,2.87,2.4,25.26,73.39
250,新竹市,2017/04/20,新竹,2.1,0.41,21.1,42.0,17,16,2.54,13.66,1.96,0.124,1.834,2.08,1.76,25.4,75.9
251,新竹市,2017/04/19,新竹,1.7,0.42,31.7,70.0,34,18,3.61,14.29,2.08,0.19,1.888,1.27,0.86,25.76,80.06
252,新竹市,2017/04/18,新竹,1.9,0.32,21.3,42.0,13,15,2.39,12.2,1.87,0.094,1.778,2.87,2.71,25.88,82.06
253,新竹市,2017/04/17,新竹,2.0,0.42,15.5,40.0,12,17,3.37,14.11,2.06,0.173,1.886,2.38,2.09,26.6,75.13
254,新竹市,2017/04/16,新竹,2.1,0.56,18.6,41.0,20,18,3.97,14.5,2.16,0.182,1.973,1.3,0.94,25.87,73.1
255,新竹市,2017/04/15,新竹,2.2,0.86,18.9,48.0,22,35,11.37,23.28,2.44,0.346,2.095,0.94,0.61,23.76,77.57
256,新竹市,2017/04/14,新竹,2.3,0.82,19.0,47.0,22,41,12.74,27.92,2.4,0.359,2.044,0.76,0.46,21.66,81.4
257,新竹市,2017/04/13,新竹,1.9,0.52,36.9,56.0,25,26,2.54,23.35,2.07,0.191,1.878,1.81,1.49,18.45,77.47
258,新竹市,2017/04/12,新竹,1.3,0.47,48.2,37.0,18,17,1.69,15.58,1.99,0.127,1.861,3.27,2.59,17.75,82.21
259,新竹市,2017/04/11,新竹,1.7,0.39,22.2,25.0,10,17,2.22,14.75,1.99,0.136,1.854,3.13,2.61,22.29,75.64
260,新竹市,2017/04/10,新竹,1.6,0.29,18.1,35.0,7,10,2.61,7.41,1.85,0.079,1.772,3.93,3.61,28.53,57.3
261,新竹市,2017/04/09,新竹,2.0,0.42,16.8,43.0,18,15,3.11,11.59,2.03,0.125,1.901,2.57,2.22,25.77,75.25
262,新竹市,2017/04/08,新竹,2.3,0.47,24.0,41.0,18,17,3.31,14.18,2.09,0.204,1.89,1.36,1.08,24.54,76.23
263,新竹市,2017/04/07,新竹,2.8,0.68,19.6,57.0,28,30,6.72,23.19,2.23,0.253,1.974,1.29,1.0,23.67,79.21
264,新竹市,2017/04/06,新竹,3.1,0.58,37.1,69.0,35,25,2.08,22.81,2.19,0.219,1.974,1.17,0.77,23.41,67.04
265,新竹市,2017/04/05,新竹,1.6,0.53,31.1,59.0,27,27,3.18,23.55,2.22,0.249,1.967,1.2,0.84,22.32,62.8
266,新竹市,2017/04/04,新竹,2.7,0.49,53.3,53.0,28,18,1.3,16.47,2.14,0.19,1.955,1.31,1.06,20.58,61.71
267,新竹市,2017/04/03,新竹,2.1,0.32,53.1,40.0,18,13,1.47,11.8,1.97,0.114,1.856,1.74,1.33,20.13,43.98
268,新竹市,2017/04/02,新竹,2.7,0.38,61.0,56.0,31,12,1.18,10.38,1.96,0.09,1.867,3.07,2.61,17.82,40.35
269,新竹市,2017/04/01,新竹,1.5,0.4,56.6,58.0,33,15,2.03,12.62,1.93,0.111,1.821,3.0,2.63,15.82,66.23
270,新竹市,2017/03/31,新竹,1.8,0.43,32.4,-,22,21,2.79,18.26,2.1,0.154,1.947,2.72,2.11,18.9,81.38
271,新竹市,2017/03/30,新竹,3.3,0.58,27.3,-,48,30,6.32,24.14,2.19,0.215,1.975,1.27,0.84,20.95,78.29
272,新竹市,2017/03/29,新竹,3.1,0.54,37.3,-,40,27,2.41,24.65,2.2,0.228,1.974,1.3,0.89,21.0,65.5
273,新竹市,2017/03/28,新竹,2.6,0.68,39.7,97.0,38,30,4.17,25.33,2.26,0.263,2.001,1.22,0.93,19.04,64.01
274,新竹市,2017/03/27,新竹,2.7,0.47,46.2,70.0,27,20,2.19,17.49,2.07,0.165,1.901,2.19,1.66,18.72,51.49
275,新竹市,2017/03/26,新竹,2.3,0.41,43.9,69.0,31,14,0.91,13.26,1.96,0.098,1.863,3.19,2.64,14.82,68.65
276,新竹市,2017/03/25,新竹,1.9,0.36,44.4,23.0,9,13,0.96,11.59,1.95,0.093,1.855,2.86,2.12,16.49,85.41
277,新竹市,2017/03/24,新竹,2.5,0.48,44.6,38.0,12,18,1.37,16.79,2.06,0.155,1.901,1.87,1.28,20.5,69.21
278,新竹市,2017/03/23,新竹,2.2,0.43,35.3,28.0,7,19,1.92,16.87,1.97,0.132,1.841,2.35,1.98,19.01,78.33
279,新竹市,2017/03/22,新竹,2.3,0.42,47.6,35.0,13,15,2.42,12.96,1.96,0.099,1.863,1.7,1.06,19.65,77.0
280,新竹市,2017/03/21,新竹,2.2,0.54,34.1,50.0,21,22,6.17,15.58,2.1,0.169,1.926,3.21,2.54,19.95,76.11
281,新竹市,2017/03/20,新竹,2.1,0.62,24.1,48.0,18,24,3.92,19.72,2.1,0.183,1.915,1.13,0.8,21.29,81.14
282,新竹市,2017/03/19,新竹,1.4,0.39,32.4,40.0,14,15,1.52,13.58,1.96,0.095,1.866,1.99,1.59,19.0,86.14
283,新竹市,2017/03/18,新竹,2.5,0.4,31.8,60.0,30,20,2.42,17.46,2.03,0.149,1.877,1.94,1.4,18.75,85.44
284,新竹市,2017/03/17,新竹,3.0,0.34,37.7,39.0,13,19,2.38,16.33,1.97,0.134,1.84,2.27,1.8,17.58,84.72
285,新竹市,2017/03/16,新竹,1.9,0.39,24.1,25.0,14,28,4.65,22.87,2.07,0.172,1.899,1.83,1.26,15.53,86.74
286,新竹市,2017/03/15,新竹,2.2,0.37,37.9,40.0,13,17,1.66,15.33,1.94,0.11,1.831,2.81,2.37,15.58,66.65
287,新竹市,2017/03/14,新竹,1.9,0.29,47.1,36.0,14,12,1.15,10.5,1.9,0.087,1.815,3.97,3.2,13.88,76.57
288,新竹市,2017/03/13,新竹,3.0,0.48,31.1,57.0,26,23,5.85,17.6,2.08,0.169,1.907,1.96,1.53,19.28,84.06
289,新竹市,2017/03/12,新竹,1.9,0.4,43.0,72.0,25,12,0.86,10.91,1.95,0.096,1.858,1.16,0.67,19.65,85.15
290,新竹市,2017/03/11,新竹,1.9,0.38,41.8,28.0,8,19,3.65,15.28,2.02,0.123,1.9,1.82,1.35,19.09,82.68
291,新竹市,2017/03/10,新竹,1.7,0.57,25.1,29.0,14,29,5.78,23.6,2.16,0.218,1.943,1.55,1.17,17.15,86.83
292,新竹市,2017/03/09,新竹,1.6,0.56,28.6,41.0,23,29,2.62,26.14,2.13,0.213,1.913,1.31,1.11,16.35,74.89
293,新竹市,2017/03/08,新竹,4.7,0.4,41.6,45.0,28,20,1.63,18.57,2.02,0.117,1.898,2.75,2.23,14.45,72.63
294,新竹市,2017/03/07,新竹,2.9,0.36,37.9,53.0,25,25,2.69,22.05,2.02,0.145,1.878,2.83,2.37,13.82,72.88
295,新竹市,2017/03/06,新竹,1.6,0.35,46.8,65.0,30,14,1.05,13.09,1.94,0.09,1.848,3.38,2.62,15.67,80.88
296,新竹市,2017/03/05,新竹,4.0,0.76,25.6,82.0,46,38,9.59,28.41,2.41,0.275,2.139,1.06,0.68,20.02,76.43
297,新竹市,2017/03/04,新竹,4.4,0.64,15.4,69.0,32,43,13.24,29.85,2.38,0.329,2.051,1.03,0.62,18.1,77.05
298,新竹市,2017/03/03,新竹,2.4,0.51,27.9,55.0,26,31,6.23,24.86,2.14,0.209,1.93,1.33,0.88,16.51,64.02
299,新竹市,2017/03/02,新竹,2.9,0.43,43.2,86.0,30,18,1.66,16.07,2.02,0.132,1.891,3.86,3.15,15.47,59.9
300,新竹市,2017/03/01,新竹,3.4,0.48,25.2,46.0,21,30,4.3,25.47,2.09,0.181,1.912,1.48,1.15,16.63,74.24
301,新竹市,2017/02/28,新竹,3.2,0.45,38.3,53.0,28,20,2.04,18.24,2.02,0.126,1.89,2.4,1.98,15.35,74.67
302,新竹市,2017/02/27,新竹,2.3,0.39,48.0,65.0,30,14,1.53,12.59,1.97,0.09,1.875,3.6,2.92,15.02,68.03
303,新竹市,2017/02/26,新竹,1.4,0.28,40.2,33.0,17,14,1.76,12.05,1.93,0.078,1.851,3.03,2.47,12.52,84.35
304,新竹市,2017/02/25,新竹,1.1,0.27,36.2,20.0,9,12,1.18,10.9,1.91,0.078,1.836,3.2,2.7,12.92,89.51
305,新竹市,2017/02/24,新竹,1.4,0.34,34.4,28.0,13,13,1.04,12.03,1.94,0.095,1.843,3.66,2.94,11.74,87.54
306,新竹市,2017/02/23,新竹,2.3,0.5,16.4,31.0,14,19,3.29,15.91,2.04,0.153,1.884,3.69,2.99,15.06,85.98
307,新竹市,2017/02/22,新竹,1.3,0.6,16.2,37.0,16,39,14.4,24.24,2.15,0.243,1.909,1.29,0.8,18.71,87.31
308,新竹市,2017/02/21,新竹,2.1,0.39,35.7,52.0,20,16,1.59,14.38,2.01,0.14,1.867,3.06,2.43,20.27,72.48
309,新竹市,2017/02/20,新竹,2.9,0.54,23.4,68.0,36,35,7.26,27.29,2.25,0.247,2.004,1.77,1.25,19.87,73.89
310,新竹市,2017/02/19,新竹,2.2,0.49,41.2,69.0,32,18,1.93,16.19,2.08,0.141,1.935,1.39,1.14,18.19,73.2
311,新竹市,2017/02/18,新竹,2.4,0.36,44.9,93.0,45,15,1.36,13.18,1.97,0.12,1.854,3.27,2.55,18.35,77.59
312,新竹市,2017/02/17,新竹,2.4,0.44,21.3,50.0,27,31,6.5,24.73,2.19,0.267,1.919,1.11,0.82,19.84,63.32
313,新竹市,2017/02/16,新竹,2.7,0.69,27.9,68.0,37,37,9.23,27.72,2.23,0.273,1.955,1.23,0.95,17.92,67.6
314,新竹市,2017/02/15,新竹,2.7,0.54,33.3,56.0,30,29,6.29,22.51,2.19,0.214,1.972,1.2,0.8,16.79,69.63
315,新竹市,2017/02/14,新竹,2.4,0.37,45.4,43.0,20,16,1.58,14.14,1.93,0.087,1.839,3.32,2.73,17.54,54.22
316,新竹市,2017/02/13,新竹,2.1,0.28,41.9,35.0,16,12,1.74,10.27,1.9,0.08,1.819,3.46,2.79,16.98,59.48
317,新竹市,2017/02/12,新竹,2.2,0.25,39.0,38.0,15,11,1.52,9.75,1.91,0.078,1.828,3.66,3.05,14.71,59.23
318,新竹市,2017/02/11,新竹,3.0,0.34,41.5,54.0,26,13,1.22,11.83,1.96,0.108,1.853,4.08,3.29,12.3,55.29
319,新竹市,2017/02/10,新竹,2.8,0.47,44.8,82.0,46,14,1.35,13.02,1.98,0.115,1.867,4.53,3.5,11.15,58.56
320,新竹市,2017/02/09,新竹,2.2,0.37,31.3,39.0,20,14,2.09,11.7,1.97,0.115,1.86,3.86,3.11,11.31,71.84
321,新竹市,2017/02/08,新竹,2.1,0.32,23.7,47.0,17,20,2.06,17.72,2.03,0.141,1.889,1.51,1.0,16.24,79.77
322,新竹市,2017/02/07,新竹,2.0,0.36,35.9,53.0,24,19,2.09,16.57,1.98,0.131,1.848,3.14,2.56,18.0,60.98
323,新竹市,2017/02/06,新竹,2.6,0.48,41.3,69.0,35,13,1.64,11.77,1.97,0.093,1.877,4.53,3.59,18.13,62.68
324,新竹市,2017/02/05,新竹,-,-,-,-,-,-,-,-,-,-,-,-,-,-,-
325,新竹市,2017/02/04,新竹,2.0,0.32,24.8,57.0,22,20,3.7,16.64,1.99,0.102,1.89,1.1,0.78,18.27,82.15
326,新竹市,2017/02/03,新竹,1.9,0.37,24.2,44.0,18,22,3.93,18.37,2.02,0.133,1.884,1.18,0.73,18.47,73.67
327,新竹市,2017/02/02,新竹,1.3,0.31,36.6,36.0,16,11,2.05,9.3,1.92,0.077,1.84,4.59,3.62,16.06,69.82
328,新竹市,2017/02/01,新竹,1.3,0.27,33.9,28.0,13,10,1.21,9.02,1.89,0.056,1.828,4.35,3.24,17.19,75.58
329,新竹市,2017/01/31,新竹,1.6,0.28,36.3,21.0,10,12,1.28,10.88,1.88,0.057,1.827,4.14,3.29,17.26,70.86
330,新竹市,2017/01/30,新竹,1.8,0.43,24.0,56.0,32,18,2.01,16.17,2.05,0.122,1.93,3.93,2.93,17.81,76.32
331,新竹市,2017/01/29,新竹,2.1,0.4,30.7,66.0,40,1,0.0,0.84,2.03,0.116,1.919,1.12,0.71,19.87,77.42
332,新竹市,2017/01/28,新竹,1.4,0.25,38.9,44.0,23,4,0.62,3.47,1.89,0.068,1.822,2.06,1.61,18.79,80.23
333,新竹市,2017/01/27,新竹,1.9,0.38,27.5,43.0,26,19,4.44,14.07,2.12,0.193,1.925,1.92,1.45,16.58,73.28
334,新竹市,2017/01/26,新竹,1.9,0.41,35.3,42.0,21,17,2.11,14.73,2.02,0.141,1.874,3.29,2.66,16.49,64.45
335,新竹市,2017/01/25,新竹,2.7,0.34,35.5,34.0,13,13,1.25,11.93,1.93,0.108,1.827,3.6,2.87,15.54,72.86
336,新竹市,2017/01/24,新竹,2.1,0.31,33.2,28.0,10,14,1.96,12.2,1.95,0.101,1.848,4.05,3.29,15.42,69.08
337,新竹市,2017/01/23,新竹,2.0,0.32,41.1,56.0,20,12,2.01,9.77,1.94,0.079,1.858,4.64,3.92,14.94,60.43
338,新竹市,2017/01/22,新竹,2.3,0.36,44.5,51.0,21,13,1.65,11.09,1.97,0.092,1.879,4.28,3.31,14.85,59.55
339,新竹市,2017/01/21,新竹,2.0,0.37,29.6,47.0,19,17,2.24,15.22,1.99,0.125,1.867,3.31,2.64,13.73,70.29
340,新竹市,2017/01/20,新竹,1.9,0.51,32.8,51.0,23,15,1.59,13.37,2.03,0.117,1.909,4.38,3.41,13.63,75.95
341,新竹市,2017/01/19,新竹,2.0,0.37,27.8,37.0,14,15,1.92,13.03,1.98,0.11,1.867,1.98,1.39,18.31,84.79
342,新竹市,2017/01/18,新竹,2.0,0.37,26.2,44.0,14,16,2.93,13.32,1.99,0.122,1.872,1.49,1.06,18.89,84.87
343,新竹市,2017/01/17,新竹,2.8,0.48,23.0,37.0,13,25,5.46,19.47,2.11,0.198,1.908,1.66,1.14,18.85,71.76
344,新竹市,2017/01/16,新竹,2.5,0.29,30.6,19.0,7,14,2.15,11.84,1.92,0.087,1.833,3.81,3.07,15.64,72.06
345,新竹市,2017/01/15,新竹,3.3,0.31,31.4,20.0,8,13,1.37,11.28,2.05,0.21,1.844,3.71,2.9,14.57,75.88
346,新竹市,2017/01/14,新竹,3.2,0.44,38.3,40.0,22,14,1.68,12.67,1.97,0.102,1.87,4.17,3.27,14.05,79.68
347,新竹市,2017/01/13,新竹,1.5,0.5,27.9,20.0,10,17,1.5,15.79,2.03,0.135,1.89,3.32,2.58,15.41,86.87
348,新竹市,2017/01/12,新竹,2.3,0.38,28.5,43.0,17,15,1.8,13.67,1.98,0.129,1.849,2.15,1.48,19.42,81.35
349,新竹市,2017/01/11,新竹,3.2,0.46,32.7,52.0,26,19,2.19,16.37,2.02,0.148,1.868,2.85,2.14,20.1,69.45
350,新竹市,2017/01/10,新竹,3.7,0.55,32.7,55.0,31,22,2.34,19.42,2.07,0.174,1.892,2.68,2.14,18.6,64.59
351,新竹市,2017/01/09,新竹,3.2,0.6,30.1,48.0,23,19,2.63,15.97,2.06,0.144,1.919,3.67,2.85,18.08,68.76
352,新竹市,2017/01/08,新竹,2.7,0.54,17.4,42.0,21,22,5.43,16.83,2.15,0.202,1.951,2.24,1.68,20.5,76.4
353,新竹市,2017/01/07,新竹,2.2,0.52,21.5,56.0,28,21,3.85,16.88,2.09,0.168,1.923,1.11,0.78,20.7,84.68
354,新竹市,2017/01/06,新竹,3.0,0.45,30.0,70.0,37,21,2.78,17.91,2.04,0.157,1.88,1.51,1.11,20.7,83.21
355,新竹市,2017/01/05,新竹,2.6,0.65,18.2,80.0,47,33,8.68,24.07,2.22,0.24,1.978,1.18,0.95,20.6,82.6
356,新竹市,2017/01/04,新竹,2.7,0.7,16.9,57.0,27,38,12.15,25.36,2.28,0.288,1.991,1.09,0.87,21.31,79.66
357,新竹市,2017/01/03,新竹,2.8,0.32,24.0,49.0,18,19,1.43,17.55,2.01,0.143,1.864,2.4,1.91,20.67,78.09
358,新竹市,2017/01/02,新竹,2.3,0.37,24.2,69.0,33,19,2.59,16.29,2.04,0.152,1.883,1.72,1.23,20.55,79.93
359,新竹市,2017/01/01,新竹,1.9,0.4,21.3,41.0,18,21,5.7,15.62,2.13,0.172,1.953,1.17,0.68,20.19,77.32
,,,,,,,,,,,,,,,,,,
,,,,,,,,,,,,,,,,,,
